"Kod";"Nazwa choroby";"K1";"K2";"K3"
"C00";"NOWOTWORY ZŁOŚLIWE WARGI";"Nowotwory złośliwe (C00–C97)";"Nowotwory złośliwe, o potwierdzonym lub przypuszczalnym pierwotnym charakterze, o określonym umiejscowieniu, poza tkanką limfatyczną, układem krwiotwórczym i tkankami pokrewnymi (C00–C75)";"Nowotwory złośliwe wargi, jamy ustnej i gardła (C00–C14)"
"C01";"NOWOTWÓR ZŁOŚLIWY NASADY JĘZYKA";"Nowotwory złośliwe (C00–C97)";"Nowotwory złośliwe, o potwierdzonym lub przypuszczalnym pierwotnym charakterze, o określonym umiejscowieniu, poza tkanką limfatyczną, układem krwiotwórczym i tkankami pokrewnymi (C00–C75)";"Nowotwory złośliwe wargi, jamy ustnej i gardła (C00–C14)"
"C02";"NOWOTWÓR ZŁOŚLIWY INNYCH I NIEOKREŚLONYCH CZĘŚCI JĘZYKA";"Nowotwory złośliwe (C00–C97)";"Nowotwory złośliwe, o potwierdzonym lub przypuszczalnym pierwotnym charakterze, o określonym umiejscowieniu, poza tkanką limfatyczną, układem krwiotwórczym i tkankami pokrewnymi (C00–C75)";"Nowotwory złośliwe wargi, jamy ustnej i gardła (C00–C14)"
"C03";"NOWOTWÓR ZŁOŚLIWY DZIĄSŁA";"Nowotwory złośliwe (C00–C97)";"Nowotwory złośliwe, o potwierdzonym lub przypuszczalnym pierwotnym charakterze, o określonym umiejscowieniu, poza tkanką limfatyczną, układem krwiotwórczym i tkankami pokrewnymi (C00–C75)";"Nowotwory złośliwe wargi, jamy ustnej i gardła (C00–C14)"
"C04";"NOWOTWÓR ZŁOŚLIWY DNA JAMY USTNEJ";"Nowotwory złośliwe (C00–C97)";"Nowotwory złośliwe, o potwierdzonym lub przypuszczalnym pierwotnym charakterze, o określonym umiejscowieniu, poza tkanką limfatyczną, układem krwiotwórczym i tkankami pokrewnymi (C00–C75)";"Nowotwory złośliwe wargi, jamy ustnej i gardła (C00–C14)"
"C05";"NOWOTWÓR ZŁOŚLIWY PODNIEBIENIA";"Nowotwory złośliwe (C00–C97)";"Nowotwory złośliwe, o potwierdzonym lub przypuszczalnym pierwotnym charakterze, o określonym umiejscowieniu, poza tkanką limfatyczną, układem krwiotwórczym i tkankami pokrewnymi (C00–C75)";"Nowotwory złośliwe wargi, jamy ustnej i gardła (C00–C14)"
"C06";"NOWOTWÓR ZŁOŚLIWY INNYCH I NIEOKREŚLONYCH CZĘŚCI JAMY USTNEJ";"Nowotwory złośliwe (C00–C97)";"Nowotwory złośliwe, o potwierdzonym lub przypuszczalnym pierwotnym charakterze, o określonym umiejscowieniu, poza tkanką limfatyczną, układem krwiotwórczym i tkankami pokrewnymi (C00–C75)";"Nowotwory złośliwe wargi, jamy ustnej i gardła (C00–C14)"
"C07";"NOWOTWÓR ZŁOŚLIWY ŚLINIANKI PRZYUSZNEJ";"Nowotwory złośliwe (C00–C97)";"Nowotwory złośliwe, o potwierdzonym lub przypuszczalnym pierwotnym charakterze, o określonym umiejscowieniu, poza tkanką limfatyczną, układem krwiotwórczym i tkankami pokrewnymi (C00–C75)";"Nowotwory złośliwe wargi, jamy ustnej i gardła (C00–C14)"
"C08";"NOWOTWÓR ZŁOŚLIWY INNYCH I NIEOKREŚLONYCH DUŻYCH GRUCZOŁÓW ŚLINOWYCH";"Nowotwory złośliwe (C00–C97)";"Nowotwory złośliwe, o potwierdzonym lub przypuszczalnym pierwotnym charakterze, o określonym umiejscowieniu, poza tkanką limfatyczną, układem krwiotwórczym i tkankami pokrewnymi (C00–C75)";"Nowotwory złośliwe wargi, jamy ustnej i gardła (C00–C14)"
"C09";"NOWOTWORY ZŁOŚLIWE MIGDAŁKA";"Nowotwory złośliwe (C00–C97)";"Nowotwory złośliwe, o potwierdzonym lub przypuszczalnym pierwotnym charakterze, o określonym umiejscowieniu, poza tkanką limfatyczną, układem krwiotwórczym i tkankami pokrewnymi (C00–C75)";"Nowotwory złośliwe wargi, jamy ustnej i gardła (C00–C14)"
"C10";"NOWOTWÓR ZŁOŚLIWY CZĘŚCI USTNEJ GARDŁA (OROPHARYNX)";"Nowotwory złośliwe (C00–C97)";"Nowotwory złośliwe, o potwierdzonym lub przypuszczalnym pierwotnym charakterze, o określonym umiejscowieniu, poza tkanką limfatyczną, układem krwiotwórczym i tkankami pokrewnymi (C00–C75)";"Nowotwory złośliwe wargi, jamy ustnej i gardła (C00–C14)"
"C11";"NOWOTWÓR ZŁOŚLIWY CZĘŚCI NOSOWEJ GARDŁA (NASOPHARYNX)";"Nowotwory złośliwe (C00–C97)";"Nowotwory złośliwe, o potwierdzonym lub przypuszczalnym pierwotnym charakterze, o określonym umiejscowieniu, poza tkanką limfatyczną, układem krwiotwórczym i tkankami pokrewnymi (C00–C75)";"Nowotwory złośliwe wargi, jamy ustnej i gardła (C00–C14)"
"C12";"NOWOTWÓR ZŁOŚLIWY SCHYŁKU GRUSZKOWATEGO";"Nowotwory złośliwe (C00–C97)";"Nowotwory złośliwe, o potwierdzonym lub przypuszczalnym pierwotnym charakterze, o określonym umiejscowieniu, poza tkanką limfatyczną, układem krwiotwórczym i tkankami pokrewnymi (C00–C75)";"Nowotwory złośliwe wargi, jamy ustnej i gardła (C00–C14)"
"C13";"NOWOTWÓR ZŁOŚLIWY CZĘŚCI KRTANIOWEJ GARDŁA (HYPOPHARYNX)";"Nowotwory złośliwe (C00–C97)";"Nowotwory złośliwe, o potwierdzonym lub przypuszczalnym pierwotnym charakterze, o określonym umiejscowieniu, poza tkanką limfatyczną, układem krwiotwórczym i tkankami pokrewnymi (C00–C75)";"Nowotwory złośliwe wargi, jamy ustnej i gardła (C00–C14)"
"C14";"NOWOTWÓR ZŁOŚLIWY O INNYM I O BLIŻEJ NIEOKREŚLONYM UMIEJSCOWIENIU W OBRĘBIE WARGI, JAMY USTNEJ I GARDŁA";"Nowotwory złośliwe (C00–C97)";"Nowotwory złośliwe, o potwierdzonym lub przypuszczalnym pierwotnym charakterze, o określonym umiejscowieniu, poza tkanką limfatyczną, układem krwiotwórczym i tkankami pokrewnymi (C00–C75)";"Nowotwory złośliwe wargi, jamy ustnej i gardła (C00–C14)"
"C15";"NOWOTWÓR ZŁOŚLIWY PRZEŁYKU";"Nowotwory złośliwe (C00–C97)";"Nowotwory złośliwe, o potwierdzonym lub przypuszczalnym pierwotnym charakterze, o określonym umiejscowieniu, poza tkanką limfatyczną, układem krwiotwórczym i tkankami pokrewnymi (C00–C75)";"Nowotwory złośliwe narządów układu pokarmowego (C15–C26)"
"C16";"NOWOTWÓR ZŁOŚLIWY ŻOŁĄDKA";"Nowotwory złośliwe (C00–C97)";"Nowotwory złośliwe, o potwierdzonym lub przypuszczalnym pierwotnym charakterze, o określonym umiejscowieniu, poza tkanką limfatyczną, układem krwiotwórczym i tkankami pokrewnymi (C00–C75)";"Nowotwory złośliwe narządów układu pokarmowego (C15–C26)"
"C17";"NOWOTWÓR ZŁOŚLIWY JELITA CIENKIEGO";"Nowotwory złośliwe (C00–C97)";"Nowotwory złośliwe, o potwierdzonym lub przypuszczalnym pierwotnym charakterze, o określonym umiejscowieniu, poza tkanką limfatyczną, układem krwiotwórczym i tkankami pokrewnymi (C00–C75)";"Nowotwory złośliwe narządów układu pokarmowego (C15–C26)"
"C18";"NOWOTWÓR ZŁOŚLIWY JELITA GRUBEGO";"Nowotwory złośliwe (C00–C97)";"Nowotwory złośliwe, o potwierdzonym lub przypuszczalnym pierwotnym charakterze, o określonym umiejscowieniu, poza tkanką limfatyczną, układem krwiotwórczym i tkankami pokrewnymi (C00–C75)";"Nowotwory złośliwe narządów układu pokarmowego (C15–C26)"
"C19";"NOWOTWÓR ZŁOŚLIWY ZGIĘCIA ESICZO-ODBYTNICZEGO";"Nowotwory złośliwe (C00–C97)";"Nowotwory złośliwe, o potwierdzonym lub przypuszczalnym pierwotnym charakterze, o określonym umiejscowieniu, poza tkanką limfatyczną, układem krwiotwórczym i tkankami pokrewnymi (C00–C75)";"Nowotwory złośliwe narządów układu pokarmowego (C15–C26)"
"C20";"NOWOTWÓR ZŁOŚLIWY ODBYTNICY";"Nowotwory złośliwe (C00–C97)";"Nowotwory złośliwe, o potwierdzonym lub przypuszczalnym pierwotnym charakterze, o określonym umiejscowieniu, poza tkanką limfatyczną, układem krwiotwórczym i tkankami pokrewnymi (C00–C75)";"Nowotwory złośliwe narządów układu pokarmowego (C15–C26)"
"C21";"NOWOTWÓR ZŁOŚLIWY ODBYTU I KANAŁU ODBYTU";"Nowotwory złośliwe (C00–C97)";"Nowotwory złośliwe, o potwierdzonym lub przypuszczalnym pierwotnym charakterze, o określonym umiejscowieniu, poza tkanką limfatyczną, układem krwiotwórczym i tkankami pokrewnymi (C00–C75)";"Nowotwory złośliwe narządów układu pokarmowego (C15–C26)"
"C22";"NOWOTWÓR ZŁOŚLIWY WĄTROBY I PRZEWODÓW ŻÓŁCIOWYCH WEWNĄTRZWĄTROBOWYCH";"Nowotwory złośliwe (C00–C97)";"Nowotwory złośliwe, o potwierdzonym lub przypuszczalnym pierwotnym charakterze, o określonym umiejscowieniu, poza tkanką limfatyczną, układem krwiotwórczym i tkankami pokrewnymi (C00–C75)";"Nowotwory złośliwe narządów układu pokarmowego (C15–C26)"
"C23";"NOWOTWÓR ZŁOŚLIWY PĘCHERZYKA ŻÓŁCIOWEGO";"Nowotwory złośliwe (C00–C97)";"Nowotwory złośliwe, o potwierdzonym lub przypuszczalnym pierwotnym charakterze, o określonym umiejscowieniu, poza tkanką limfatyczną, układem krwiotwórczym i tkankami pokrewnymi (C00–C75)";"Nowotwory złośliwe narządów układu pokarmowego (C15–C26)"
"C24";"NOWOTWÓR ZŁOŚLIWY INNYCH I NIEOKREŚLONYCH CZĘŚCI DRÓG ŻÓŁCIOWYCH";"Nowotwory złośliwe (C00–C97)";"Nowotwory złośliwe, o potwierdzonym lub przypuszczalnym pierwotnym charakterze, o określonym umiejscowieniu, poza tkanką limfatyczną, układem krwiotwórczym i tkankami pokrewnymi (C00–C75)";"Nowotwory złośliwe narządów układu pokarmowego (C15–C26)"
"C25";"NOWOTWÓR ZŁOŚLIWY TRZUSTKI";"Nowotwory złośliwe (C00–C97)";"Nowotwory złośliwe, o potwierdzonym lub przypuszczalnym pierwotnym charakterze, o określonym umiejscowieniu, poza tkanką limfatyczną, układem krwiotwórczym i tkankami pokrewnymi (C00–C75)";"Nowotwory złośliwe narządów układu pokarmowego (C15–C26)"
"C26";"NOWOTWÓR ZŁOŚLIWY INNYCH I NIEDOKŁADNIE OKREŚLONYCH NARZĄDÓW TRAWIENNYCH";"Nowotwory złośliwe (C00–C97)";"Nowotwory złośliwe, o potwierdzonym lub przypuszczalnym pierwotnym charakterze, o określonym umiejscowieniu, poza tkanką limfatyczną, układem krwiotwórczym i tkankami pokrewnymi (C00–C75)";"Nowotwory złośliwe narządów układu pokarmowego (C15–C26)"
"C30";"NOWOTWÓR ZŁOŚLIWY JAMY NOSOWEJ I UCHA ŚRODKOWEGO";"Nowotwory złośliwe (C00–C97)";"Nowotwory złośliwe, o potwierdzonym lub przypuszczalnym pierwotnym charakterze, o określonym umiejscowieniu, poza tkanką limfatyczną, układem krwiotwórczym i tkankami pokrewnymi (C00–C75)";"Nowotwory złośliwe układu oddechowego i narządów klatki piersiowej (C30–C39)"
"C31";"NOWOTWÓR ZŁOŚLIWY ZATOK PRZYNOSOWYCH";"Nowotwory złośliwe (C00–C97)";"Nowotwory złośliwe, o potwierdzonym lub przypuszczalnym pierwotnym charakterze, o określonym umiejscowieniu, poza tkanką limfatyczną, układem krwiotwórczym i tkankami pokrewnymi (C00–C75)";"Nowotwory złośliwe układu oddechowego i narządów klatki piersiowej (C30–C39)"
"C32";"NOWOTWÓR ZŁOŚLIWY KRTANI";"Nowotwory złośliwe (C00–C97)";"Nowotwory złośliwe, o potwierdzonym lub przypuszczalnym pierwotnym charakterze, o określonym umiejscowieniu, poza tkanką limfatyczną, układem krwiotwórczym i tkankami pokrewnymi (C00–C75)";"Nowotwory złośliwe układu oddechowego i narządów klatki piersiowej (C30–C39)"
"C33";"NOWOTWÓR ZŁOŚLIWY TCHAWICY";"Nowotwory złośliwe (C00–C97)";"Nowotwory złośliwe, o potwierdzonym lub przypuszczalnym pierwotnym charakterze, o określonym umiejscowieniu, poza tkanką limfatyczną, układem krwiotwórczym i tkankami pokrewnymi (C00–C75)";"Nowotwory złośliwe układu oddechowego i narządów klatki piersiowej (C30–C39)"
"C34";"NOWOTWÓR ZŁOŚLIWY OSKRZELA I PŁUCA";"Nowotwory złośliwe (C00–C97)";"Nowotwory złośliwe, o potwierdzonym lub przypuszczalnym pierwotnym charakterze, o określonym umiejscowieniu, poza tkanką limfatyczną, układem krwiotwórczym i tkankami pokrewnymi (C00–C75)";"Nowotwory złośliwe układu oddechowego i narządów klatki piersiowej (C30–C39)"
"C37";"NOWOTWÓR ZŁOŚLIWY GRASICY";"Nowotwory złośliwe (C00–C97)";"Nowotwory złośliwe, o potwierdzonym lub przypuszczalnym pierwotnym charakterze, o określonym umiejscowieniu, poza tkanką limfatyczną, układem krwiotwórczym i tkankami pokrewnymi (C00–C75)";"Nowotwory złośliwe układu oddechowego i narządów klatki piersiowej (C30–C39)"
"C38";"NOWOTWÓR ZŁOŚLIWY SERCA, ŚRÓDPIERSIA I OPŁUCNEJ";"Nowotwory złośliwe (C00–C97)";"Nowotwory złośliwe, o potwierdzonym lub przypuszczalnym pierwotnym charakterze, o określonym umiejscowieniu, poza tkanką limfatyczną, układem krwiotwórczym i tkankami pokrewnymi (C00–C75)";"Nowotwory złośliwe układu oddechowego i narządów klatki piersiowej (C30–C39)"
"C39";"NOWOTWÓR ZŁOŚLIWY INNYCH I NIEDOKŁADNIE OKREŚLONYCH CZĘŚCI UKŁADU ODDECHOWEGO I NARZĄDÓW KLATKI PIERSIOWEJ";"Nowotwory złośliwe (C00–C97)";"Nowotwory złośliwe, o potwierdzonym lub przypuszczalnym pierwotnym charakterze, o określonym umiejscowieniu, poza tkanką limfatyczną, układem krwiotwórczym i tkankami pokrewnymi (C00–C75)";"Nowotwory złośliwe układu oddechowego i narządów klatki piersiowej (C30–C39)"
"C40";"NOWOTWÓR ZŁOŚLIWY KOŚCI I CHRZĄSTKI STAWOWEJ KOŃCZYN";"Nowotwory złośliwe (C00–C97)";"Nowotwory złośliwe, o potwierdzonym lub przypuszczalnym pierwotnym charakterze, o określonym umiejscowieniu, poza tkanką limfatyczną, układem krwiotwórczym i tkankami pokrewnymi (C00–C75)";"Nowotwór złośliwy kości i chrząstki stawowej (C40–C41)"
"C41";"NOWOTWÓR ZŁOŚLIWY KOŚCI I CHRZĄSTKI STAWOWEJ O INNYM I NIEOKREŚLONYM UMIEJSCOWIENIU";"Nowotwory złośliwe (C00–C97)";"Nowotwory złośliwe, o potwierdzonym lub przypuszczalnym pierwotnym charakterze, o określonym umiejscowieniu, poza tkanką limfatyczną, układem krwiotwórczym i tkankami pokrewnymi (C00–C75)";"Nowotwór złośliwy kości i chrząstki stawowej (C40–C41)"
"C43";"CZERNIAK ZŁOŚLIWY SKÓRY";"Nowotwory złośliwe (C00–C97)";"Nowotwory złośliwe, o potwierdzonym lub przypuszczalnym pierwotnym charakterze, o określonym umiejscowieniu, poza tkanką limfatyczną, układem krwiotwórczym i tkankami pokrewnymi (C00–C75)";"Czerniak i inne nowotwory złośliwe skóry (C43–C44)"
"C44";"INNE NOWOTWORY ZŁOŚLIWE SKÓRY";"Nowotwory złośliwe (C00–C97)";"Nowotwory złośliwe, o potwierdzonym lub przypuszczalnym pierwotnym charakterze, o określonym umiejscowieniu, poza tkanką limfatyczną, układem krwiotwórczym i tkankami pokrewnymi (C00–C75)";"Czerniak i inne nowotwory złośliwe skóry (C43–C44)"
"C45";"MIĘDZYBŁONIAK";"Nowotwory złośliwe (C00–C97)";"Nowotwory złośliwe, o potwierdzonym lub przypuszczalnym pierwotnym charakterze, o określonym umiejscowieniu, poza tkanką limfatyczną, układem krwiotwórczym i tkankami pokrewnymi (C00–C75)";"Nowotwory złośliwe mezotelium i tkanek miękkich (C45–C49)"
"C46";"MIĘSAK KAPOSI'EGO";"Nowotwory złośliwe (C00–C97)";"Nowotwory złośliwe, o potwierdzonym lub przypuszczalnym pierwotnym charakterze, o określonym umiejscowieniu, poza tkanką limfatyczną, układem krwiotwórczym i tkankami pokrewnymi (C00–C75)";"Nowotwory złośliwe mezotelium i tkanek miękkich (C45–C49)"
"C47";"NOWOTWORY ZŁOŚLIWE NERWÓW OBWODOWYCH I AUTONOMICZNEGO UKŁADU NERWOWEGO";"Nowotwory złośliwe (C00–C97)";"Nowotwory złośliwe, o potwierdzonym lub przypuszczalnym pierwotnym charakterze, o określonym umiejscowieniu, poza tkanką limfatyczną, układem krwiotwórczym i tkankami pokrewnymi (C00–C75)";"Nowotwory złośliwe mezotelium i tkanek miękkich (C45–C49)"
"C48";"NOWOTWÓR ZŁOŚLIWY PRZESTRZENI ZAOTRZEWNOWEJ I OTRZEWNEJ";"Nowotwory złośliwe (C00–C97)";"Nowotwory złośliwe, o potwierdzonym lub przypuszczalnym pierwotnym charakterze, o określonym umiejscowieniu, poza tkanką limfatyczną, układem krwiotwórczym i tkankami pokrewnymi (C00–C75)";"Nowotwory złośliwe mezotelium i tkanek miękkich (C45–C49)"
"C49";"NOWOTWORY ZŁOŚLIWE TKANKI ŁĄCZNEJ I INNYCH TKANEK MIĘKKICH";"Nowotwory złośliwe (C00–C97)";"Nowotwory złośliwe, o potwierdzonym lub przypuszczalnym pierwotnym charakterze, o określonym umiejscowieniu, poza tkanką limfatyczną, układem krwiotwórczym i tkankami pokrewnymi (C00–C75)";"Nowotwory złośliwe mezotelium i tkanek miękkich (C45–C49)"
"C50";"NOWOTWÓR ZŁOŚLIWY SUTKA";"Nowotwory złośliwe (C00–C97)";"Nowotwory złośliwe, o potwierdzonym lub przypuszczalnym pierwotnym charakterze, o określonym umiejscowieniu, poza tkanką limfatyczną, układem krwiotwórczym i tkankami pokrewnymi (C00–C75)";"Nowotwór złośliwy piersi (C50)"
"C51";"NOWOTWÓR ZŁOŚLIWY SROMU";"Nowotwory złośliwe (C00–C97)";"Nowotwory złośliwe, o potwierdzonym lub przypuszczalnym pierwotnym charakterze, o określonym umiejscowieniu, poza tkanką limfatyczną, układem krwiotwórczym i tkankami pokrewnymi (C00–C75)";"Nowotwory złośliwe żeńskich narządów płciowych (C51–C58"
"C52";"NOWOTWÓR ZŁOŚLIWY POCHWY";"Nowotwory złośliwe (C00–C97)";"Nowotwory złośliwe, o potwierdzonym lub przypuszczalnym pierwotnym charakterze, o określonym umiejscowieniu, poza tkanką limfatyczną, układem krwiotwórczym i tkankami pokrewnymi (C00–C75)";"Nowotwory złośliwe żeńskich narządów płciowych (C51–C58"
"C53";"NOWOTWÓR ZŁOŚLIWY SZYJKI MACICY";"Nowotwory złośliwe (C00–C97)";"Nowotwory złośliwe, o potwierdzonym lub przypuszczalnym pierwotnym charakterze, o określonym umiejscowieniu, poza tkanką limfatyczną, układem krwiotwórczym i tkankami pokrewnymi (C00–C75)";"Nowotwory złośliwe żeńskich narządów płciowych (C51–C58"
"C54";"NOWOTWÓR ZŁOŚLIWY TRZONU MACICY";"Nowotwory złośliwe (C00–C97)";"Nowotwory złośliwe, o potwierdzonym lub przypuszczalnym pierwotnym charakterze, o określonym umiejscowieniu, poza tkanką limfatyczną, układem krwiotwórczym i tkankami pokrewnymi (C00–C75)";"Nowotwory złośliwe żeńskich narządów płciowych (C51–C58"
"C55";"NOWOTWÓR ZŁOŚLIWY NIEOKREŚLONEJ CZĘŚCI MACICY";"Nowotwory złośliwe (C00–C97)";"Nowotwory złośliwe, o potwierdzonym lub przypuszczalnym pierwotnym charakterze, o określonym umiejscowieniu, poza tkanką limfatyczną, układem krwiotwórczym i tkankami pokrewnymi (C00–C75)";"Nowotwory złośliwe żeńskich narządów płciowych (C51–C58"
"C56";"NOWOTWÓR ZŁOŚLIWY JAJNIKA";"Nowotwory złośliwe (C00–C97)";"Nowotwory złośliwe, o potwierdzonym lub przypuszczalnym pierwotnym charakterze, o określonym umiejscowieniu, poza tkanką limfatyczną, układem krwiotwórczym i tkankami pokrewnymi (C00–C75)";"Nowotwory złośliwe żeńskich narządów płciowych (C51–C58"
"C57";"NOWOTWÓR ZŁOŚLIWY INNYCH I NIE OKREŚLONYCH ŻEŃSKICH NARZĄDÓW PŁCIOWYCH";"Nowotwory złośliwe (C00–C97)";"Nowotwory złośliwe, o potwierdzonym lub przypuszczalnym pierwotnym charakterze, o określonym umiejscowieniu, poza tkanką limfatyczną, układem krwiotwórczym i tkankami pokrewnymi (C00–C75)";"Nowotwory złośliwe żeńskich narządów płciowych (C51–C58"
"C58";"NOWOTWÓR ZŁOŚLIWY ŁOŻYSKA";"Nowotwory złośliwe (C00–C97)";"Nowotwory złośliwe, o potwierdzonym lub przypuszczalnym pierwotnym charakterze, o określonym umiejscowieniu, poza tkanką limfatyczną, układem krwiotwórczym i tkankami pokrewnymi (C00–C75)";"Nowotwory złośliwe żeńskich narządów płciowych (C51–C58"
"C60";"NOWOTWÓR ZŁOŚLIWY PRĄCIA";"Nowotwory złośliwe (C00–C97)";"Nowotwory złośliwe, o potwierdzonym lub przypuszczalnym pierwotnym charakterze, o określonym umiejscowieniu, poza tkanką limfatyczną, układem krwiotwórczym i tkankami pokrewnymi (C00–C75)";"Nowotwory złośliwe męskich narządów płciowych (C60–C63)"
"C61";"NOWOTWÓR ZŁOŚLIWY GRUCZOŁU KROKOWEGO";"Nowotwory złośliwe (C00–C97)";"Nowotwory złośliwe, o potwierdzonym lub przypuszczalnym pierwotnym charakterze, o określonym umiejscowieniu, poza tkanką limfatyczną, układem krwiotwórczym i tkankami pokrewnymi (C00–C75)";"Nowotwory złośliwe męskich narządów płciowych (C60–C63)"
"C62";"NOWOTWÓR ZŁOŚLIWY JĄDRA";"Nowotwory złośliwe (C00–C97)";"Nowotwory złośliwe, o potwierdzonym lub przypuszczalnym pierwotnym charakterze, o określonym umiejscowieniu, poza tkanką limfatyczną, układem krwiotwórczym i tkankami pokrewnymi (C00–C75)";"Nowotwory złośliwe męskich narządów płciowych (C60–C63)"
"C63";"NOWOTWÓR ZŁOŚLIWY INNYCH I NIE OKREŚLONYCH MĘSKICH NARZĄDÓW PŁCIOWYCH";"Nowotwory złośliwe (C00–C97)";"Nowotwory złośliwe, o potwierdzonym lub przypuszczalnym pierwotnym charakterze, o określonym umiejscowieniu, poza tkanką limfatyczną, układem krwiotwórczym i tkankami pokrewnymi (C00–C75)";"Nowotwory złośliwe męskich narządów płciowych (C60–C63)"
"C64";"NOWOTWÓR ZŁOŚLIWY NERKI, Z WYJĄTKIEM MIEDNICZKI NERKOWEJ";"Nowotwory złośliwe (C00–C97)";"Nowotwory złośliwe, o potwierdzonym lub przypuszczalnym pierwotnym charakterze, o określonym umiejscowieniu, poza tkanką limfatyczną, układem krwiotwórczym i tkankami pokrewnymi (C00–C75)";"Nowotwory złośliwe układu moczowego (C64–C68)"
"C65";"NOWOTWÓR ZŁOŚLIWY MIEDNICZKI NERKOWEJ";"Nowotwory złośliwe (C00–C97)";"Nowotwory złośliwe, o potwierdzonym lub przypuszczalnym pierwotnym charakterze, o określonym umiejscowieniu, poza tkanką limfatyczną, układem krwiotwórczym i tkankami pokrewnymi (C00–C75)";"Nowotwory złośliwe układu moczowego (C64–C68)"
"C66";"NOWOTWÓR ZŁOŚLIWY MOCZOWODU";"Nowotwory złośliwe (C00–C97)";"Nowotwory złośliwe, o potwierdzonym lub przypuszczalnym pierwotnym charakterze, o określonym umiejscowieniu, poza tkanką limfatyczną, układem krwiotwórczym i tkankami pokrewnymi (C00–C75)";"Nowotwory złośliwe układu moczowego (C64–C68)"
"C67";"NOWOTWÓR ZŁOŚLIWY PĘCHERZA MOCZOWEGO";"Nowotwory złośliwe (C00–C97)";"Nowotwory złośliwe, o potwierdzonym lub przypuszczalnym pierwotnym charakterze, o określonym umiejscowieniu, poza tkanką limfatyczną, układem krwiotwórczym i tkankami pokrewnymi (C00–C75)";"Nowotwory złośliwe układu moczowego (C64–C68)"
"C68";"NOWOTWÓR ZŁOŚLIWY INNYCH I NIE OKREŚLONYCH NARZĄDÓW MOCZOWYCH";"Nowotwory złośliwe (C00–C97)";"Nowotwory złośliwe, o potwierdzonym lub przypuszczalnym pierwotnym charakterze, o określonym umiejscowieniu, poza tkanką limfatyczną, układem krwiotwórczym i tkankami pokrewnymi (C00–C75)";"Nowotwory złośliwe układu moczowego (C64–C68)"
"C69";"NOWOTWÓR ZŁOŚLIWY OKA";"Nowotwory złośliwe (C00–C97)";"Nowotwory złośliwe, o potwierdzonym lub przypuszczalnym pierwotnym charakterze, o określonym umiejscowieniu, poza tkanką limfatyczną, układem krwiotwórczym i tkankami pokrewnymi (C00–C75)";"Nowotwory złośliwe oka, mózgu i innych części ośrodkowego układu nerwowego (C69–C72)"
"C70";"NOWOTWÓR ZŁOŚLIWY OPON";"Nowotwory złośliwe (C00–C97)";"Nowotwory złośliwe, o potwierdzonym lub przypuszczalnym pierwotnym charakterze, o określonym umiejscowieniu, poza tkanką limfatyczną, układem krwiotwórczym i tkankami pokrewnymi (C00–C75)";"Nowotwory złośliwe oka, mózgu i innych części ośrodkowego układu nerwowego (C69–C72)"
"C71";"NOWOTWÓR ZŁOŚLIWY MÓZGU";"Nowotwory złośliwe (C00–C97)";"Nowotwory złośliwe, o potwierdzonym lub przypuszczalnym pierwotnym charakterze, o określonym umiejscowieniu, poza tkanką limfatyczną, układem krwiotwórczym i tkankami pokrewnymi (C00–C75)";"Nowotwory złośliwe oka, mózgu i innych części ośrodkowego układu nerwowego (C69–C72)"
"C72";"NOWOTWÓR ZŁOŚLIWY RDZENIA KRĘGOWEGO, NERWÓW CZASZKOWYCH I INNYCH CZĘŚCI CENTRALNEGO SYSTEMU NERWOWEGO";"Nowotwory złośliwe (C00–C97)";"Nowotwory złośliwe, o potwierdzonym lub przypuszczalnym pierwotnym charakterze, o określonym umiejscowieniu, poza tkanką limfatyczną, układem krwiotwórczym i tkankami pokrewnymi (C00–C75)";"Nowotwory złośliwe oka, mózgu i innych części ośrodkowego układu nerwowego (C69–C72)"
"C73";"NOWOTWÓR ZŁOŚLIWY TARCZYCY";"Nowotwory złośliwe (C00–C97)";"Nowotwory złośliwe, o potwierdzonym lub przypuszczalnym pierwotnym charakterze, o określonym umiejscowieniu, poza tkanką limfatyczną, układem krwiotwórczym i tkankami pokrewnymi (C00–C75)";"Nowotwory złośliwe tarczycy i innych gruczołów wydzielania wewnętrznego (C73–C75)"
"C74";"NOWOTWÓR ZŁOŚLIWY NADNERCZY";"Nowotwory złośliwe (C00–C97)";"Nowotwory złośliwe, o potwierdzonym lub przypuszczalnym pierwotnym charakterze, o określonym umiejscowieniu, poza tkanką limfatyczną, układem krwiotwórczym i tkankami pokrewnymi (C00–C75)";"Nowotwory złośliwe tarczycy i innych gruczołów wydzielania wewnętrznego (C73–C75)"
"C75";"NOWOTWÓR ZŁOŚLIWY INNYCH GRUCZOŁÓW WYDZIELANIA WEWNĘTRZNEGO I STRUKTUR POKREWNYCH";"Nowotwory złośliwe (C00–C97)";"Nowotwory złośliwe, o potwierdzonym lub przypuszczalnym pierwotnym charakterze, o określonym umiejscowieniu, poza tkanką limfatyczną, układem krwiotwórczym i tkankami pokrewnymi (C00–C75)";"Nowotwory złośliwe tarczycy i innych gruczołów wydzielania wewnętrznego (C73–C75)"
"C76";"NOWOTWÓR ZŁOŚLIWY UMIEJSCOWIENIE INNYCH I NIEDOKŁADNIE OKREŚLONYCH";"Nowotwory złośliwe (C00–C97)";"Nowotwory złośliwe niedokładnie określone, wtórne i o nieokreślonym umiejscowieniu (C76–C80)";""
"C77";"WTÓRNE I NIEOKREŚLONE NOWOTWORY ZŁOŚLIWE WĘZŁÓW CHŁONNYCH";"Nowotwory złośliwe (C00–C97)";"Nowotwory złośliwe niedokładnie określone, wtórne i o nieokreślonym umiejscowieniu (C76–C80)";""
"C78";"WTÓRNE NOWOTWORY ZŁOŚLIWE UKŁADU ODDECHOWEGO I TRAWIENNEGO";"Nowotwory złośliwe (C00–C97)";"Nowotwory złośliwe niedokładnie określone, wtórne i o nieokreślonym umiejscowieniu (C76–C80)";""
"C79";"WTÓRNY NOWOTWÓR ZŁOŚLIWY INNYCH UMIEJSCOWIEŃ";"Nowotwory złośliwe (C00–C97)";"Nowotwory złośliwe niedokładnie określone, wtórne i o nieokreślonym umiejscowieniu (C76–C80)";""
"C80";"NOWOTWÓR ZŁOŚLIWY BEZ OKREŚLENIA JEGO UMIEJSCOWIENIA";"Nowotwory złośliwe (C00–C97)";"Nowotwory złośliwe niedokładnie określone, wtórne i o nieokreślonym umiejscowieniu (C76–C80)";""
"C81";"CHOROBA HODGKINA";"Nowotwory złośliwe (C00–C97)";"Nowotwory złośliwe, o potwierdzonym lub przypuszczalnym pierwotnym charakterze, tkanki limfatycznej, układu krwiotwórczego i tkanek pokrewnych (C81–C96)";""
"C82";"CHŁONIAK NIEZIARNICZY GUZKOWY (GRUDKOWY)";"Nowotwory złośliwe (C00–C97)";"Nowotwory złośliwe, o potwierdzonym lub przypuszczalnym pierwotnym charakterze, tkanki limfatycznej, układu krwiotwórczego i tkanek pokrewnych (C81–C96)";""
"C83";"CHŁONIAKI NIEZIARNICZE ROZLANE";"Nowotwory złośliwe (C00–C97)";"Nowotwory złośliwe, o potwierdzonym lub przypuszczalnym pierwotnym charakterze, tkanki limfatycznej, układu krwiotwórczego i tkanek pokrewnych (C81–C96)";""
"C84";"OBWODOWY I SKÓRNY CHŁONIAK Z KOMÓREK T";"Nowotwory złośliwe (C00–C97)";"Nowotwory złośliwe, o potwierdzonym lub przypuszczalnym pierwotnym charakterze, tkanki limfatycznej, układu krwiotwórczego i tkanek pokrewnych (C81–C96)";""
"C85";"INNE I NIEOKREŚLONE POSTACIE CHŁONIAKÓW NIEZIARNICZYCH";"Nowotwory złośliwe (C00–C97)";"Nowotwory złośliwe, o potwierdzonym lub przypuszczalnym pierwotnym charakterze, tkanki limfatycznej, układu krwiotwórczego i tkanek pokrewnych (C81–C96)";""
"C88";"ZŁOŚLIWE CHOROBY IMMUNOPROLIFERACYJNE";"Nowotwory złośliwe (C00–C97)";"Nowotwory złośliwe, o potwierdzonym lub przypuszczalnym pierwotnym charakterze, tkanki limfatycznej, układu krwiotwórczego i tkanek pokrewnych (C81–C96)";""
"C90";"SZPICZAK MNOGI I NOWOTWORY ZŁOŚLIWE Z KOMÓREK PLAZMATYCZNYCH";"Nowotwory złośliwe (C00–C97)";"Nowotwory złośliwe, o potwierdzonym lub przypuszczalnym pierwotnym charakterze, tkanki limfatycznej, układu krwiotwórczego i tkanek pokrewnych (C81–C96)";""
"C91";"BIAŁACZKA LIMFATYCZNA";"Nowotwory złośliwe (C00–C97)";"Nowotwory złośliwe, o potwierdzonym lub przypuszczalnym pierwotnym charakterze, tkanki limfatycznej, układu krwiotwórczego i tkanek pokrewnych (C81–C96)";""
"C92";"BIAŁACZKA SZPIKOWA";"Nowotwory złośliwe (C00–C97)";"Nowotwory złośliwe, o potwierdzonym lub przypuszczalnym pierwotnym charakterze, tkanki limfatycznej, układu krwiotwórczego i tkanek pokrewnych (C81–C96)";""
"C93";"BIAŁACZKA MONOCYTOWA";"Nowotwory złośliwe (C00–C97)";"Nowotwory złośliwe, o potwierdzonym lub przypuszczalnym pierwotnym charakterze, tkanki limfatycznej, układu krwiotwórczego i tkanek pokrewnych (C81–C96)";""
"C94";"INNE BIAŁACZKI OKREŚLONEGO RODZAJU";"Nowotwory złośliwe (C00–C97)";"Nowotwory złośliwe, o potwierdzonym lub przypuszczalnym pierwotnym charakterze, tkanki limfatycznej, układu krwiotwórczego i tkanek pokrewnych (C81–C96)";""
"C95";"BIAŁACZKA Z KOMÓREK NIEOKREŚLONEGO RODZAJU";"Nowotwory złośliwe (C00–C97)";"Nowotwory złośliwe, o potwierdzonym lub przypuszczalnym pierwotnym charakterze, tkanki limfatycznej, układu krwiotwórczego i tkanek pokrewnych (C81–C96)";""
"C96";"INNY I NIEOKREŚLONY NOWOTWÓR ZŁOŚLIWY TKANKI LIMFATYCZNEJ, KRWIOTWÓRCZEJ I TKANEK POKREWNYCH";"Nowotwory złośliwe (C00–C97)";"Nowotwory złośliwe, o potwierdzonym lub przypuszczalnym pierwotnym charakterze, tkanki limfatycznej, układu krwiotwórczego i tkanek pokrewnych (C81–C96)";""
"C97";"NOWOTWORY ZŁOŚLIWE NIEZALEŻNYCH (PIERWOTNYCH) MNOGICH UMIEJSCOWIEŃ";"Nowotwory złośliwe (C00–C97)";"Nowotwory złośliwe o niezależnym (pierwotnym) mnogim umiejscowieniu (C97)";""
"D00";"RAK IN SITU JAMY USTNEJ, PRZEŁYKU I ŻOŁĄDKA";"Nowotwory in situ (D00–D09)";"";""
"D01";"RAK IN SITU INNYCH I NIEOKREŚLONYCH CZĘŚCI NARZĄDÓW TRAWIENNYCH";"Nowotwory in situ (D00–D09)";"";""
"D02";"RAK IN SITU UCHA ŚRODKOWEGO I UKŁADU ODDECHOWEGO";"Nowotwory in situ (D00–D09)";"";""
"D03";"CZERNIAK IN SITU";"Nowotwory in situ (D00–D09)";"";""
"D04";"RAK IN SITU SKÓRY";"Nowotwory in situ (D00–D09)";"";""
"D05";"RAK IN SITU SUTKA";"Nowotwory in situ (D00–D09)";"";""
"D06";"RAK IN SITU SZYJKI MACICY";"Nowotwory in situ (D00–D09)";"";""
"D07";"RAK IN SITU INNYCH I NIEOKREŚLONYCH NARZĄDÓW PŁCIOWYCH";"Nowotwory in situ (D00–D09)";"";""
"D09";"RAK IN SITU INNYCH I NIEOKREŚLONYCH UMIEJSCOWIEŃ";"Nowotwory in situ (D00–D09)";"";""
"D10";"NOWOTWÓR NIEZŁOŚLIWY JAMY USTNEJ I GARDŁA";"Nowotwory niezłośliwe (D10–D36)";"";""
"D11";"NOWOTWORY NIEZŁOŚLIWE DUŻYCH GRUCZOŁÓW ŚLINOWYCH";"Nowotwory niezłośliwe (D10–D36)";"";""
"D12";"NOWOTWORY NIEZŁOŚLIWE OKRĘŻNICY,ODBYTNICY,ODBYTU I KANAŁU ODBYTU";"Nowotwory niezłośliwe (D10–D36)";"";""
"D13";"NOWOTWORY NIEZŁOŚLIWE INNYCH I NIEDOKŁADNIE OKREŚLONYCH CZĘŚCI UKŁADU TRAWIENNEGO";"Nowotwory niezłośliwe (D10–D36)";"";""
"D14";"NOWOTWORY NIEZŁOŚLIWE UCHA ŚRODKOWEGO I UKŁADU ODDECHOWEGO";"Nowotwory niezłośliwe (D10–D36)";"";""
"D15";"NOWOTWÓR NIEZŁOŚLIWY INNYCH I NIEOKREŚLONYCH NARZĄDÓW KLATKI PIERSIOWEJ";"Nowotwory niezłośliwe (D10–D36)";"";""
"D16";"NOWOTWORY NIEZŁOŚLIWE KOŚCI I CHRZĄSTEK STAWOWYCH";"Nowotwory niezłośliwe (D10–D36)";"";""
"D17";"NOWOTWORY NIEZŁOŚLIWE Z TKANKI TŁUSZCZOWEJ";"Nowotwory niezłośliwe (D10–D36)";"";""
"D18";"NACZYNIAKI KRWIONOŚNE I NACZYNIAKI CHŁONNE JAKIEGOKOLWIEK UMIEJSCOWIENIA";"Nowotwory niezłośliwe (D10–D36)";"";""
"D19";"NOWOTWORY NIEZŁOŚLIWE MIĘDZYBŁONKA";"Nowotwory niezłośliwe (D10–D36)";"";""
"D20";"NOWOTWORY NIEZŁOŚLIWE TKANEK MIĘKKICH OTRZEWNEJ I PRZESTRZENI ZAOTRZEWNOWEJ";"Nowotwory niezłośliwe (D10–D36)";"";""
"D21";"INNE NOWOTWORY NIEZŁOŚLIWE TKANKI ŁĄCZNEJ I INNYCH TKANEK MIĘKKICH";"Nowotwory niezłośliwe (D10–D36)";"";""
"D22";"ZNAMIONA BARWNIKOWE [MELANOCYTOWE]";"Nowotwory niezłośliwe (D10–D36)";"";""
"D23";"INNE NIEZŁOŚLIWE NOWOTWORY SKÓRY";"Nowotwory niezłośliwe (D10–D36)";"";""
"D24";"NOWOTWÓR NIEZŁOŚLIWY SUTKA";"Nowotwory niezłośliwe (D10–D36)";"";""
"D25";"MIĘŚNIAK GŁADKOKOMÓRKOWY MACICY";"Nowotwory niezłośliwe (D10–D36)";"";""
"D26";"INNE NIEZŁOŚLIWE NOWOTWORY MACICY";"Nowotwory niezłośliwe (D10–D36)";"";""
"D27";"NIEZŁOŚLIWY NOWOTWÓR JAJNIKA";"Nowotwory niezłośliwe (D10–D36)";"";""
"D28";"NIEZŁOŚLIWY NOWOTWÓR INNYCH I NIEOKREŚLONYCH ŻEŃSKICH NARZĄDÓW PŁCIOWYCH";"Nowotwory niezłośliwe (D10–D36)";"";""
"D29";"NIEZŁOŚLIWY NOWOTWÓR MĘSKICH NARZĄDÓW PŁCIOWYCH";"Nowotwory niezłośliwe (D10–D36)";"";""
"D30";"NIEZŁOŚLIWY NOWOTWÓR NARZĄDÓW MOCZOWYCH";"Nowotwory niezłośliwe (D10–D36)";"";""
"D31";"NIEZŁOŚLIWY NOWOTWÓR OKA";"Nowotwory niezłośliwe (D10–D36)";"";""
"D32";"NOWOTWÓR NIEZŁOŚLIWY OPON MÓZGOWYCH";"Nowotwory niezłośliwe (D10–D36)";"";""
"D33";"NIEZŁOŚLIWY NOWOTWÓR MÓZGU I INNYCH CZĘŚCI CENTRALNEGO SYSTEMU NERWOWEGO";"Nowotwory niezłośliwe (D10–D36)";"";""
"D34";"NIEZŁOŚLIWY NOWOTWÓR TARCZYCY";"Nowotwory niezłośliwe (D10–D36)";"";""
"D35";"NIEZŁOŚLIWY NOWOTWÓR INNYCH I NIEOKREŚLONYCH GRUCZOŁÓW WYDZIELANIA WEWNĘTRZNEGO";"Nowotwory niezłośliwe (D10–D36)";"";""
"D36";"NIEZŁOŚLIWY NOWOTWÓR O INNYM I NIEOKREŚLONYM UMIEJSCOWIENIU";"Nowotwory niezłośliwe (D10–D36)";"";""
"D37";"NOWOTWÓR O NIEPEWNYM LUB NIEZNANYM CHARAKTERZE JAMY USTNEJ I NARZĄDÓW TRAWIENNYCH";"Nowotwory o niepewnym lub nieznanym charakterze (D37–D48)";"";""
"D38";"NOWOTWÓR O NIEPEWNYM LUB NIEZNANYM CHARAKTERZE UCHA ŚRODKOWEGO, NARZĄDÓW UKŁADU ODDECHOWEGO I KLATKI PIERSIOWEJ";"Nowotwory o niepewnym lub nieznanym charakterze (D37–D48)";"";""
"D39";"NOWOTWÓR O NIEPEWNYM LUB NIEZNANYM CHARAKTERZE ŻEŃSKICH NARZĄDÓW PŁCIOWYCH";"Nowotwory o niepewnym lub nieznanym charakterze (D37–D48)";"";""
"D40";"NOWOTWÓR O NIEPEWNYM LUB NIEZNANYM CHARAKTERZE MĘSKICH NARZĄDÓW PŁCIOWYCH";"Nowotwory o niepewnym lub nieznanym charakterze (D37–D48)";"";""
"D41";"NOWOTWÓR O NIEPEWNYM LUB NIEZNANYM CHARAKTERZE NARZĄDÓW MOCZOWYCH";"Nowotwory o niepewnym lub nieznanym charakterze (D37–D48)";"";""
"D42";"NOWOTWÓR O NIEPEWNYM LUB NIEZNANYM CHARAKTERZE OPON";"Nowotwory o niepewnym lub nieznanym charakterze (D37–D48)";"";""
"D43";"NOWOTWÓR O NIEPEWNYM LUB NIEZNANYM CHARAKTERZE CENTRALNEGO SYSTEMU NERWOWEGO";"Nowotwory o niepewnym lub nieznanym charakterze (D37–D48)";"";""
"D44";"NOWOTWÓR O NIEPEWNYM LUB NIEZNANYM CHARAKTERZE GRUCZOŁÓW WYDZIELANIA WEWNĘTRZNEGO";"Nowotwory o niepewnym lub nieznanym charakterze (D37–D48)";"";""
"D45";"CZERWIENICA PRAWDZIWA";"Nowotwory o niepewnym lub nieznanym charakterze (D37–D48)";"";""
"D46";"ZESPOŁY MIELODYSPLASTYCZNE";"Nowotwory o niepewnym lub nieznanym charakterze (D37–D48)";"";""
"D47";"INNY NOWOTWÓR O NIEPEWNYM LUB NIEZNANYM CHARAKTERZE UKŁADU LIMFATYCZNEGO, KRWIOTWÓTRCZEGO I TKANEK POKREWNYCH";"Nowotwory o niepewnym lub nieznanym charakterze (D37–D48)";"";""
"D48";"NOWOTWORY O NIEPEWNYM LUB NIEZNANYM CHARAKTERZE INNYCH I NIEOKREŚLONYCH UMIEJSCOWIEŃ";"Nowotwory o niepewnym lub nieznanym charakterze (D37–D48)";"";""
